INSERT INTO `ignore_irc_commands` (`Command`) VALUES (".register");
INSERT INTO `ignore_irc_commands` (`Command`) VALUES (".identify");
INSERT INTO `ignore_irc_commands` (`Command`) VALUES (".set");
INSERT INTO `ignore_irc_commands` (`Command`) VALUES (".sop");
INSERT INTO `ignore_irc_commands` (`Command`) VALUES (".aop");
INSERT INTO `ignore_irc_commands` (`Command`) VALUES (".hop");
INSERT INTO `ignore_irc_commands` (`Command`) VALUES (".vop");
INSERT INTO `ignore_irc_commands` (`Command`) VALUES (".access");
INSERT INTO `ignore_irc_commands` (`Command`) VALUES (".levels");
INSERT INTO `ignore_irc_commands` (`Command`) VALUES (".akick");
INSERT INTO `ignore_irc_commands` (`Command`) VALUES (".drop");
INSERT INTO `ignore_irc_commands` (`Command`) VALUES (".ban");
INSERT INTO `ignore_irc_commands` (`Command`) VALUES (".unban");
INSERT INTO `ignore_irc_commands` (`Command`) VALUES (".owner");
INSERT INTO `ignore_irc_commands` (`Command`) VALUES (".deowner");
INSERT INTO `ignore_irc_commands` (`Command`) VALUES (".protect");
INSERT INTO `ignore_irc_commands` (`Command`) VALUES (".deprotect");
INSERT INTO `ignore_irc_commands` (`Command`) VALUES (".op");
INSERT INTO `ignore_irc_commands` (`Command`) VALUES (".deop");
INSERT INTO `ignore_irc_commands` (`Command`) VALUES (".halfop");
INSERT INTO `ignore_irc_commands` (`Command`) VALUES (".dehalfop");
INSERT INTO `ignore_irc_commands` (`Command`) VALUES (".voice");
INSERT INTO `ignore_irc_commands` (`Command`) VALUES (".devoice");
INSERT INTO `ignore_irc_commands` (`Command`) VALUES (".getkey");
INSERT INTO `ignore_irc_commands` (`Command`) VALUES (".invite");
INSERT INTO `ignore_irc_commands` (`Command`) VALUES (".kick");
INSERT INTO `ignore_irc_commands` (`Command`) VALUES (".logout");
INSERT INTO `ignore_irc_commands` (`Command`) VALUES (".topic");
INSERT INTO `ignore_irc_commands` (`Command`) VALUES (".info");
INSERT INTO `ignore_irc_commands` (`Command`) VALUES (".why");
INSERT INTO `ignore_irc_commands` (`Command`) VALUES (".clear");
INSERT INTO `ignore_irc_commands` (`Command`) VALUES (".flags");
INSERT INTO `ignore_irc_commands` (`Command`) VALUES (".appendtopic");
INSERT INTO `ignore_irc_commands` (`Command`) VALUES (".checkban");
INSERT INTO `ignore_irc_commands` (`Command`) VALUES (".sync");
INSERT INTO `ignore_irc_commands` (`Command`) VALUES (".kb");
INSERT INTO `ignore_irc_commands` (`Command`) VALUES (".k");

-- huHU
INSERT INTO `localized_console_command` (`Language`, `Command`, `Text`) VALUES ("huHU", "ignore/irc/command/add", "Már szerepel az ignore listán!\nA parancs sikeresen hozzáadásra került.");
INSERT INTO `localized_console_command` (`Language`, `Command`, `Text`) VALUES ("huHU", "ignore/irc/command/remove", "Nem szerepel az ignore listán!\nA parancs sikeresen el lett távolítva.");
INSERT INTO `localized_console_command` (`Language`, `Command`, `Text`) VALUES ("huHU", "ignore/irc/command/search", "Szerepel az ignore listán!\nNem szerepel az ignore listán!");
INSERT INTO `localized_console_command` (`Language`, `Command`, `Text`) VALUES ("huHU", "ignore/command/add", "Már szerepel az ignore listán!\nA parancs sikeresen hozzáadásra került.");
INSERT INTO `localized_console_command` (`Language`, `Command`, `Text`) VALUES ("huHU", "ignore/command/remove", "Nem szerepel az ignore listán!\nA név sikeresen el lett távolítva.");
INSERT INTO `localized_console_command` (`Language`, `Command`, `Text`) VALUES ("huHU", "ignore/command/search", "Szerepel az ignore listán!\nNem szerepel az ignore listán!");
INSERT INTO `localized_console_command` (`Language`, `Command`, `Text`) VALUES ("huHU", "ignore/channel/add", "Már szerepel az ignore listán!\nA csatorna sikeresen hozzáadásra került.");
INSERT INTO `localized_console_command` (`Language`, `Command`, `Text`) VALUES ("huHU", "ignore/channel/remove", "Nem szerepel az ignore listán!\nA csatorna sikeresen el lett távolítva.");
INSERT INTO `localized_console_command` (`Language`, `Command`, `Text`) VALUES ("huHU", "ignore/channel/search", "Szerepel az ignore listán!\nNem szerepel az ignore listán!");
INSERT INTO `localized_console_command` (`Language`, `Command`, `Text`) VALUES ("huHU", "ignore/nick/add", "Már szerepel az ignore listán!\nA név sikeresen hozzáadásra került.");
INSERT INTO `localized_console_command` (`Language`, `Command`, `Text`) VALUES ("huHU", "ignore/nick/remove", "Nem szerepel az ignore listán!\nA név sikeresen el lett távolítva.");
INSERT INTO `localized_console_command` (`Language`, `Command`, `Text`) VALUES ("huHU", "ignore/nick/search", "Szerepel az ignore listán!\nNem szerepel az ignore listán!");

INSERT INTO `localized_console_command_help` (`Language`, `Command`, `Text`) VALUES ("huHU", "ignore", "Lehetővé teszi egyes adatok kivételként való kezelését.\nIgnore parancsok: irc | command | channel");
INSERT INTO `localized_console_command_help` (`Language`, `Command`, `Text`) VALUES ("huHU", "ignore/irc", "Lehetővé teszi irc adatok kivételként való kezelését.\nIrc parancsok: command");
INSERT INTO `localized_console_command_help` (`Language`, `Command`, `Text`) VALUES ("huHU", "ignore/irc/command", "Lehetővé teszi irc parancsok kivételként való kezelését.\nIrc parancsok: add | remove | search");
INSERT INTO `localized_console_command_help` (`Language`, `Command`, `Text`) VALUES ("huHU", "ignore/irc/command/add", "Parancs hozzáadása a kivételekhez.\nHasználata: ignore irc command add <parancs>");
INSERT INTO `localized_console_command_help` (`Language`, `Command`, `Text`) VALUES ("huHU", "ignore/irc/command/remove", "Parancs eltávolítása a kivételek közül.\nHasználata: ignore irc command remove <parancs>");
INSERT INTO `localized_console_command_help` (`Language`, `Command`, `Text`) VALUES ("huHU", "ignore/irc/command/search", "Parancs keresése a kivételekben.\nHasználata: ignore irc command search <parancs>");
INSERT INTO `localized_console_command_help` (`Language`, `Command`, `Text`) VALUES ("huHU", "ignore/command", "Lehetővé teszi a bot parancsok kivételként való kezelését.\nCommand parancsok: add | remove | search");
INSERT INTO `localized_console_command_help` (`Language`, `Command`, `Text`) VALUES ("huHU", "ignore/command/add", "Parancs hozzáadása a kivételekhez.\nHasználata: ignore command add <parancs>");
INSERT INTO `localized_console_command_help` (`Language`, `Command`, `Text`) VALUES ("huHU", "ignore/command/remove", "Parancs eltávolítása a kivételek közül.\nHasználata: ignore command remove <parancs>");
INSERT INTO `localized_console_command_help` (`Language`, `Command`, `Text`) VALUES ("huHU", "ignore/command/search", "Parancs keresése a kivételekben.\nHasználata: ignore command search <parancs>");
INSERT INTO `localized_console_command_help` (`Language`, `Command`, `Text`) VALUES ("huHU", "ignore/channel", "Lehetővé teszi csatornák kivételként való kezelését.\nChannel parancsok: add | remove | search");
INSERT INTO `localized_console_command_help` (`Language`, `Command`, `Text`) VALUES ("huHU", "ignore/channel/add", "Csatorna hozzáadása a kivételekhez.\nHasználata: ignore channel add <parancs>");
INSERT INTO `localized_console_command_help` (`Language`, `Command`, `Text`) VALUES ("huHU", "ignore/channel/remove", "Csatorna eltávolítása a kivételek közül.\nHasználata: ignore channel remove <parancs>");
INSERT INTO `localized_console_command_help` (`Language`, `Command`, `Text`) VALUES ("huHU", "ignore/channel/search", "Csatorna keresése a kivételekben.\nHasználata: ignore channel search <parancs>");
INSERT INTO `localized_console_command_help` (`Language`, `Command`, `Text`) VALUES ("huHU", "ignore/nick", "Lehetővé teszi nick-ek kivételként való kezelését.\nNick parancsok: add | remove | search");
INSERT INTO `localized_console_command_help` (`Language`, `Command`, `Text`) VALUES ("huHU", "ignore/nick/add", "Nick hozzáadása a kivételekhez.\nHasználata: ignore nick add <parancs>");
INSERT INTO `localized_console_command_help` (`Language`, `Command`, `Text`) VALUES ("huHU", "ignore/nick/remove", "Nick eltávolítása a kivételek közül.\nHasználata: ignore nick remove <parancs>");
INSERT INTO `localized_console_command_help` (`Language`, `Command`, `Text`) VALUES ("huHU", "ignore/nick/search", "Nick keresése a kivételekben.\nHasználata: ignore nick search <parancs>");

INSERT INTO `localized_command` (`Language`, `Command`, `Text`) VALUES ("huHU", "ignore/irc/command/add", "Már szerepel az ignore listán!\nA parancs sikeresen hozzáadásra került.");
INSERT INTO `localized_command` (`Language`, `Command`, `Text`) VALUES ("huHU", "ignore/irc/command/remove", "Nem szerepel az ignore listán!\nA parancs sikeresen el lett távolítva.");
INSERT INTO `localized_command` (`Language`, `Command`, `Text`) VALUES ("huHU", "ignore/irc/command/search", "Szerepel az ignore listán!\nNem szerepel az ignore listán!");
INSERT INTO `localized_command` (`Language`, `Command`, `Text`) VALUES ("huHU", "ignore/command/add", "Már szerepel az ignore listán!\nA parancs sikeresen hozzáadásra került.");
INSERT INTO `localized_command` (`Language`, `Command`, `Text`) VALUES ("huHU", "ignore/command/remove", "Nem szerepel az ignore listán!\nA név sikeresen el lett távolítva.");
INSERT INTO `localized_command` (`Language`, `Command`, `Text`) VALUES ("huHU", "ignore/command/search", "Szerepel az ignore listán!\nNem szerepel az ignore listán!");
INSERT INTO `localized_command` (`Language`, `Command`, `Text`) VALUES ("huHU", "ignore/channel/add", "Már szerepel az ignore listán!\nA csatorna sikeresen hozzáadásra került.");
INSERT INTO `localized_command` (`Language`, `Command`, `Text`) VALUES ("huHU", "ignore/channel/remove", "Nem szerepel az ignore listán!\nA csatorna sikeresen el lett távolítva.");
INSERT INTO `localized_command` (`Language`, `Command`, `Text`) VALUES ("huHU", "ignore/channel/search", "Szerepel az ignore listán!\nNem szerepel az ignore listán!");
INSERT INTO `localized_command` (`Language`, `Command`, `Text`) VALUES ("huHU", "ignore/nick/add", "Már szerepel az ignore listán!\nA név sikeresen hozzáadásra került.");
INSERT INTO `localized_command` (`Language`, `Command`, `Text`) VALUES ("huHU", "ignore/nick/remove", "Nem szerepel az ignore listán!\nA név sikeresen el lett távolítva.");
INSERT INTO `localized_command` (`Language`, `Command`, `Text`) VALUES ("huHU", "ignore/nick/search", "Szerepel az ignore listán!\nNem szerepel az ignore listán!");

INSERT INTO `localized_command_help` (`Language`, `Command`, `Rank`, `Text`) VALUES ("huHU", "ignore", "1", "Lehetővé teszi egyes adatok kivételként való kezelését.\nIgnore parancsok: irc | command | channel");
INSERT INTO `localized_command_help` (`Language`, `Command`, `Rank`, `Text`) VALUES ("huHU", "ignore/irc", "1", "Lehetővé teszi irc adatok kivételként való kezelését.\nIrc parancsok: command");
INSERT INTO `localized_command_help` (`Language`, `Command`, `Rank`, `Text`) VALUES ("huHU", "ignore/irc/command", "1", "Lehetővé teszi irc parancsok kivételként való kezelését.\nIrc parancsok: add | remove | search");
INSERT INTO `localized_command_help` (`Language`, `Command`, `Rank`, `Text`) VALUES ("huHU", "ignore/irc/command/add", "1", "Parancs hozzáadása a kivételekhez.\nHasználata: {0}ignore irc command add <parancs>");
INSERT INTO `localized_command_help` (`Language`, `Command`, `Rank`, `Text`) VALUES ("huHU", "ignore/irc/command/remove", "1", "Parancs eltávolítása a kivételek közül.\nHasználata: {0}ignore irc command remove <parancs>");
INSERT INTO `localized_command_help` (`Language`, `Command`, `Rank`, `Text`) VALUES ("huHU", "ignore/irc/command/search", "1", "Parancs keresése a kivételekben.\nHasználata: {0}ignore irc command search <parancs>");
INSERT INTO `localized_command_help` (`Language`, `Command`, `Rank`, `Text`) VALUES ("huHU", "ignore/command", "1", "Lehetővé teszi a bot parancsok kivételként való kezelését.\nCommand parancsok: add | remove | search");
INSERT INTO `localized_command_help` (`Language`, `Command`, `Rank`, `Text`) VALUES ("huHU", "ignore/command/add", "1", "Parancs hozzáadása a kivételekhez.\nHasználata: {0}ignore command add <parancs>");
INSERT INTO `localized_command_help` (`Language`, `Command`, `Rank`, `Text`) VALUES ("huHU", "ignore/command/remove", "1", "Parancs eltávolítása a kivételek közül.\nHasználata: {0}ignore command remove <parancs>");
INSERT INTO `localized_command_help` (`Language`, `Command`, `Rank`, `Text`) VALUES ("huHU", "ignore/command/search", "1", "Parancs keresése a kivételekben.\nHasználata: {0}ignore command search <parancs>");
INSERT INTO `localized_command_help` (`Language`, `Command`, `Rank`, `Text`) VALUES ("huHU", "ignore/channel", "1", "Lehetővé teszi csatornák kivételként való kezelését.\nChannel parancsok: add | remove | search");
INSERT INTO `localized_command_help` (`Language`, `Command`, `Rank`, `Text`) VALUES ("huHU", "ignore/channel/add", "1", "Csatorna hozzáadása a kivételekhez.\nHasználata: {0}ignore channel add <parancs>");
INSERT INTO `localized_command_help` (`Language`, `Command`, `Rank`, `Text`) VALUES ("huHU", "ignore/channel/remove", "1", "Csatorna eltávolítása a kivételek közül.\nHasználata: {0}ignore channel remove <parancs>");
INSERT INTO `localized_command_help` (`Language`, `Command`, `Rank`, `Text`) VALUES ("huHU", "ignore/channel/search", "1", "Csatorna keresése a kivételekben.\nHasználata: {0}ignore channel search <parancs>");
INSERT INTO `localized_command_help` (`Language`, `Command`, `Rank`, `Text`) VALUES ("huHU", "ignore/nick", "1", "Lehetővé teszi nick-ek kivételként való kezelését.\nNick parancsok: add | remove | search");
INSERT INTO `localized_command_help` (`Language`, `Command`, `Rank`, `Text`) VALUES ("huHU", "ignore/nick/add", "1", "Nick hozzáadása a kivételekhez.\nHasználata: {0}ignore nick add <parancs>");
INSERT INTO `localized_command_help` (`Language`, `Command`, `Rank`, `Text`) VALUES ("huHU", "ignore/nick/remove", "1", "Nick eltávolítása a kivételek közül.\nHasználata: {0}ignore nick remove <parancs>");
INSERT INTO `localized_command_help` (`Language`, `Command`, `Rank`, `Text`) VALUES ("huHU", "ignore/nick/search", "1", "Nick keresése a kivételekben.\nHasználata: {0}ignore nick search <parancs>");

-- enUS
INSERT INTO `localized_console_command` (`Language`, `Command`, `Text`) VALUES ("enUS", "ignore/irc/command/add", "Already exist on the ignore list!\nCommand succesfuly added.");
INSERT INTO `localized_console_command` (`Language`, `Command`, `Text`) VALUES ("enUS", "ignore/irc/command/remove", "Not on the ignore list!\nCommand succesfuly removed.");
INSERT INTO `localized_console_command` (`Language`, `Command`, `Text`) VALUES ("enUS", "ignore/irc/command/search", "Already exist on the ignore list!\nNot on the ignore list!");
INSERT INTO `localized_console_command` (`Language`, `Command`, `Text`) VALUES ("enUS", "ignore/command/add", "Already exist on the ignore list!\nCommand succesfuly added.");
INSERT INTO `localized_console_command` (`Language`, `Command`, `Text`) VALUES ("enUS", "ignore/command/remove", "Not on the ignore list!\nSuccesfuly removed.");
INSERT INTO `localized_console_command` (`Language`, `Command`, `Text`) VALUES ("enUS", "ignore/command/search", "Already exist on the ignore list!\nNot on the ignore list!");
INSERT INTO `localized_console_command` (`Language`, `Command`, `Text`) VALUES ("enUS", "ignore/channel/add", "Already exist on the ignore list!\nChannel succesfuly added.");
INSERT INTO `localized_console_command` (`Language`, `Command`, `Text`) VALUES ("enUS", "ignore/channel/remove", "Not on the ignore list!\nChannel succesfuly removed.");
INSERT INTO `localized_console_command` (`Language`, `Command`, `Text`) VALUES ("enUS", "ignore/channel/search", "Already exist on the ignore list!\nNot on the ignore list!");
INSERT INTO `localized_console_command` (`Language`, `Command`, `Text`) VALUES ("enUS", "ignore/nick/add", "Already exist on the ignore list!\nSuccesfuly added.");
INSERT INTO `localized_console_command` (`Language`, `Command`, `Text`) VALUES ("enUS", "ignore/nick/remove", "Not on the ignore list!\nSuccesfuly removed.");
INSERT INTO `localized_console_command` (`Language`, `Command`, `Text`) VALUES ("enUS", "ignore/nick/search", "Already exist on the ignore list!\nNot on the ignore list!");

INSERT INTO `localized_console_command_help` (`Language`, `Command`, `Text`) VALUES ("enUS", "ignore", "With it you can treat the data like an expection.\nIgnore commands: irc | command | channel");
INSERT INTO `localized_console_command_help` (`Language`, `Command`, `Text`) VALUES ("enUS", "ignore/irc", "With it you can treat the irc datas like an expection..\nIrc commands: command");
INSERT INTO `localized_console_command_help` (`Language`, `Command`, `Text`) VALUES ("enUS", "ignore/irc/command", "With it you can treat the irc command like an expection.\nIrc commands: add | remove | search");
INSERT INTO `localized_console_command_help` (`Language`, `Command`, `Text`) VALUES ("enUS", "ignore/irc/command/add", "Add command to expection list.\Uses: ignore irc command add <Command>");
INSERT INTO `localized_console_command_help` (`Language`, `Command`, `Text`) VALUES ("enUS", "ignore/irc/command/remove", "Remove command from expection list.\Uses: ignore irc command remove <Command>");
INSERT INTO `localized_console_command_help` (`Language`, `Command`, `Text`) VALUES ("enUS", "ignore/irc/command/search", "Search command in the expection list.\Uses: ignore irc command search <Command>");
INSERT INTO `localized_console_command_help` (`Language`, `Command`, `Text`) VALUES ("enUS", "ignore/command", "With it you can treat the bot commands like an expection.\nCommand commands: add | remove | search");
INSERT INTO `localized_console_command_help` (`Language`, `Command`, `Text`) VALUES ("enUS", "ignore/command/add", "Add command to expection list.\Uses: ignore command add <Command>");
INSERT INTO `localized_console_command_help` (`Language`, `Command`, `Text`) VALUES ("enUS", "ignore/command/remove", "Remove command from the expection list.\Uses: ignore command remove <Command>");
INSERT INTO `localized_console_command_help` (`Language`, `Command`, `Text`) VALUES ("enUS", "ignore/command/search", "Command keresése a kivételekben.\Uses: ignore command search <Command>");
INSERT INTO `localized_console_command_help` (`Language`, `Command`, `Text`) VALUES ("enUS", "ignore/channel", "With it you can treat the channels like an expection.\nChannel commands: add | remove | search");
INSERT INTO `localized_console_command_help` (`Language`, `Command`, `Text`) VALUES ("enUS", "ignore/channel/add", "Add channel to expection list.\Uses: ignore channel add <Command>");
INSERT INTO `localized_console_command_help` (`Language`, `Command`, `Text`) VALUES ("enUS", "ignore/channel/remove", "Remove channel from the expection list.\Uses: ignore channel remove <Command>");
INSERT INTO `localized_console_command_help` (`Language`, `Command`, `Text`) VALUES ("enUS", "ignore/channel/search", "Search channel in the expection list.\Uses: ignore channel search <Command>");
INSERT INTO `localized_console_command_help` (`Language`, `Command`, `Text`) VALUES ("enUS", "ignore/nick", "With it you can treat the nick names like an expection.\nNick commands: add | remove | search");
INSERT INTO `localized_console_command_help` (`Language`, `Command`, `Text`) VALUES ("enUS", "ignore/nick/add", "Add nick to the expection list.\Uses: ignore nick add <Command>");
INSERT INTO `localized_console_command_help` (`Language`, `Command`, `Text`) VALUES ("enUS", "ignore/nick/remove", "Remove nick from the expection list.\Uses: ignore nick remove <Command>");
INSERT INTO `localized_console_command_help` (`Language`, `Command`, `Text`) VALUES ("enUS", "ignore/nick/search", "Search nick in the expection list.\Uses: ignore nick search <Command>");

INSERT INTO `localized_command` (`Language`, `Command`, `Text`) VALUES ("enUS", "ignore/irc/command/add", "Already exist on the ignore list!\nCommand succesfuly added.");
INSERT INTO `localized_command` (`Language`, `Command`, `Text`) VALUES ("enUS", "ignore/irc/command/remove", "Not on the ignore list!\nCommand succesfuly removed.");
INSERT INTO `localized_command` (`Language`, `Command`, `Text`) VALUES ("enUS", "ignore/irc/command/search", "Already exist on the ignore list!\nNot on the ignore list!");
INSERT INTO `localized_command` (`Language`, `Command`, `Text`) VALUES ("enUS", "ignore/command/add", "Already exist on the ignore list!\nCommand succesfuly added.");
INSERT INTO `localized_command` (`Language`, `Command`, `Text`) VALUES ("enUS", "ignore/command/remove", "Not on the ignore list!\nSuccesfuly removed.");
INSERT INTO `localized_command` (`Language`, `Command`, `Text`) VALUES ("enUS", "ignore/command/search", "Already exist on the ignore list!\nNot on the ignore list!");
INSERT INTO `localized_command` (`Language`, `Command`, `Text`) VALUES ("enUS", "ignore/channel/add", "Already exist on the ignore list!\nChannel succesfuly added.");
INSERT INTO `localized_command` (`Language`, `Command`, `Text`) VALUES ("enUS", "ignore/channel/remove", "Not on the ignore list!\nChannel succesfuly removed.");
INSERT INTO `localized_command` (`Language`, `Command`, `Text`) VALUES ("enUS", "ignore/channel/search", "Already exist on the ignore list!\nNot on the ignore list!");
INSERT INTO `localized_command` (`Language`, `Command`, `Text`) VALUES ("enUS", "ignore/nick/add", "Already exist on the ignore list!\nSuccesfuly added.");
INSERT INTO `localized_command` (`Language`, `Command`, `Text`) VALUES ("enUS", "ignore/nick/remove", "Not on the ignore list!\nSuccesfuly removed.");
INSERT INTO `localized_command` (`Language`, `Command`, `Text`) VALUES ("enUS", "ignore/nick/search", "Already exist on the ignore list!\nNot on the ignore list!");

INSERT INTO `localized_command_help` (`Language`, `Command`, `Rank`, `Text`) VALUES ("enUS", "ignore", "1", "With it you can treat the data like an expection.\nIgnore commands: irc | command | channel");
INSERT INTO `localized_command_help` (`Language`, `Command`, `Rank`, `Text`) VALUES ("enUS", "ignore/irc", "1", "With it you can treat the irc datas like an expection..\nIrc commands: command");
INSERT INTO `localized_command_help` (`Language`, `Command`, `Rank`, `Text`) VALUES ("enUS", "ignore/irc/command", "1", "With it you can treat the irc command like an expection.\nIrc commands: add | remove | search");
INSERT INTO `localized_command_help` (`Language`, `Command`, `Rank`, `Text`) VALUES ("enUS", "ignore/irc/command/add", "1", "Add command to expection list.\Uses: {0}ignore irc command add <Command>");
INSERT INTO `localized_command_help` (`Language`, `Command`, `Rank`, `Text`) VALUES ("enUS", "ignore/irc/command/remove", "1", "Remove command from expection list.\Uses: {0}ignore irc command remove <Command>");
INSERT INTO `localized_command_help` (`Language`, `Command`, `Rank`, `Text`) VALUES ("enUS", "ignore/irc/command/search", "1", "Search command in the expection list.\Uses: {0}ignore irc command search <Command>");
INSERT INTO `localized_command_help` (`Language`, `Command`, `Rank`, `Text`) VALUES ("enUS", "ignore/command", "1", "With it you can treat the bot commands like an expection.\nCommand commands: add | remove | search");
INSERT INTO `localized_command_help` (`Language`, `Command`, `Rank`, `Text`) VALUES ("enUS", "ignore/command/add", "1", "Add command to expection list.\Uses: {0}ignore command add <Command>");
INSERT INTO `localized_command_help` (`Language`, `Command`, `Rank`, `Text`) VALUES ("enUS", "ignore/command/remove", "1", "Remove command from the expection list.\Uses: {0}ignore command remove <Command>");
INSERT INTO `localized_command_help` (`Language`, `Command`, `Rank`, `Text`) VALUES ("enUS", "ignore/command/search", "1", "Command keresése a kivételekben.\Uses: {0}ignore command search <Command>");
INSERT INTO `localized_command_help` (`Language`, `Command`, `Rank`, `Text`) VALUES ("enUS", "ignore/channel", "1", "With it you can treat the channels like an expection.\nChannel commands: add | remove | search");
INSERT INTO `localized_command_help` (`Language`, `Command`, `Rank`, `Text`) VALUES ("enUS", "ignore/channel/add", "1", "Add channel to expection list.\Uses: {0}ignore channel add <Command>");
INSERT INTO `localized_command_help` (`Language`, `Command`, `Rank`, `Text`) VALUES ("enUS", "ignore/channel/remove", "1", "Remove channel from the expection list.\Uses: {0}ignore channel remove <Command>");
INSERT INTO `localized_command_help` (`Language`, `Command`, `Rank`, `Text`) VALUES ("enUS", "ignore/channel/search", "1", "Search channel in the expection list.\Uses: {0}ignore channel search <Command>");
INSERT INTO `localized_command_help` (`Language`, `Command`, `Rank`, `Text`) VALUES ("enUS", "ignore/nick", "1", "With it you can treat the nick names like an expection.\nNick commands: add | remove | search");
INSERT INTO `localized_command_help` (`Language`, `Command`, `Rank`, `Text`) VALUES ("enUS", "ignore/nick/add", "1", "Add nick to the expection list.\Uses: {0}ignore nick add <Command>");
INSERT INTO `localized_command_help` (`Language`, `Command`, `Rank`, `Text`) VALUES ("enUS", "ignore/nick/remove", "1", "Remove nick from the expection list.\Uses: {0}ignore nick remove <Command>");
INSERT INTO `localized_command_help` (`Language`, `Command`, `Rank`, `Text`) VALUES ("enUS", "ignore/nick/search", "1", "Search nick in the expection list.\Uses: {0}ignore nick search <Command>");

-- huHU
INSERT INTO `localized_console_warning` (`Language`, `Command`, `Text`) VALUES ("huHU", "NoCommand", "Nincs megadva a parancs!");

-- enUS
INSERT INTO `localized_console_warning` (`Language`, `Command`, `Text`) VALUES ("enUS", "NoCommand", "The command is not specified!");
